Email,Country,City,Industry,Phone,properties.technical_test___create_date,properties.hs_object_id
,England,Milton Keynes,;Fruit and vegetables;Milling;Animal feeds;Dairy products;Poultry and fish;Meat;Bakery products,(+44) 3084734307,2021-12-30,461756
abdul_payne283008121@tonsy.org,England,Oxford,;Fruit and vegetables;Milling;Animal feeds;Dairy products;Poultry and fish;Meat;Bakery products,(+44) 8025437773,2021-12-19,460609
adalind_norman1985722433@bulaffy.com,England,,;Poultry and fish;Bakery products;Milling,(+44) 1460453758,2021-12-29,461114
adela_addis1886571220@corti.com,England,London,;Animal feeds;Bakery products;Milling,(+44) 8158811120,2021-10-31,460227
adeline_rixon1002221726@elnee.tech,England,Winchester,;Bakery products;Milling,(+44) 5781450616,2021-12-27,454624
adina_robinson934425231@sheye.org,England,,;Animal feeds;Meat;Milling,(+44) 4721156127,2021-08-27,457910
agnes_faulkner2080794510@typill.biz,England,,;Fruit and vegetables;Animal feeds;Dairy products;Meat;Bakery products,(+44) 3605106237,2021-12-21,461374
aiden_stewart1839595121@infotech44.tech,England,Winchester,;Fruit and vegetables;Milling;Animal feeds;Dairy products;Poultry and fish;Meat;Bakery products,(+44) 7248032138,2021-12-30,455800
aisha_james1727632802@infotech44.tech,England,Milton Keynes,;Animal feeds;Meat;Bakery products;Dairy products,(+44) 3667587402,2021-08-22,460102
alan_collingwood1178091345@extex.org,England,Milton Keynes,;Fruit and vegetables;Milling;Animal feeds;Dairy products;Poultry and fish;Meat;Bakery products,(+44) 654533544,2021-12-31,459687
aleksandra_west1969027294@cispeto.com,England,London,;Poultry and fish;Dairy products;Milling,(+44) 4653646072,2021-08-30,461106
alessandra_wheeler1278480487@naiker.biz,England,Winchester,;Poultry and fish;Milling,(+44) 1306462666,2021-05-24,456303
alessia_adams620166413@gmail.com,England,Milton Keynes,;Fruit and vegetables;Dairy products;Poultry and fish;Meat;Bakery products,(+44) 2876734228,2021-12-25,458528
alexander_yang711963282@deavo.com,England,Winchester,;Fruit and vegetables;Milling;Animal feeds;Dairy products;Poultry and fish;Meat;Bakery products,(+44) 367868341,2021-12-31,460365
alexia_vallory623812648@joiniaa.com,England,London,;Poultry and fish;Animal feeds;Fruit and vegetables;Milling,(+44) 1705372187,2021-12-14,454632
alison_rowlands599643336@qater.org,England,Milton Keynes,;Fruit and vegetables;Animal feeds;Poultry and fish;Meat;Bakery products,(+44) 265331071,2021-11-26,460828
amelia_eastwood1696946157@atink.com,England,Winchester,Milling,(+44) 6408477342,2021-09-24,457942
amy_collins784352516@vetan.org,England,Plymouth,;Poultry and fish;Dairy products,(+44) 6583248737,2021-05-12,461716
anabel_mason1490328591@deavo.com,England,Winchester,;Poultry and fish;Milling,(+44) 3676086831,2021-06-06,448182
anais_may122326327@supunk.biz,England,Plymouth,;Poultry and fish;Bakery products;Dairy products,(+44) 5485487837,2021-12-18,456909
analise_moss2123349686@deons.tech,England,Oxford,;Meat;Animal feeds;Bakery products;Dairy products,(+44) 4641541502,2021-11-12,454132
angel_foxley1203562200@irrepsy.com,England,London,;Fruit and vegetables;Milling;Animal feeds;Dairy products;Poultry and fish;Meat,(+44) 842547171,2021-12-22,461516
angelica_foxley233218888@gmail.com,England,,;Animal feeds;Meat;Fruit and vegetables;Dairy products,(+44) 3586381587,2021-11-19,457604
angelina_parker193602543@hourpy.biz,England,Oxford,;Fruit and vegetables;Milling;Animal feeds;Poultry and fish;Bakery products,(+44) 677041854,2021-12-21,458514
audrey_owen783747920@bungar.biz,England,Milton Keynes,;Fruit and vegetables;Dairy products,(+44) 8582560553,2021-11-17,454111
aurelia_matthews1292115967@guentu.biz,England,Milton Keynes,;Poultry and fish;Fruit and vegetables;Bakery products;Milling,(+44) 4570408183,2021-12-01,460221
barney_mcleod1208601158@iatim.tech,England,Plymouth,;Fruit and vegetables;Milling;Animal feeds;Dairy products;Poultry and fish;Meat;Bakery products,(+44) 1403608685,2021-12-14,454831
bart_dillon765100042@deons.tech,England,,;Fruit and vegetables;Milling;Animal feeds;Dairy products;Poultry and fish;Meat;Bakery products,(+44) 5046520727,2021-12-31,460224
beatrice_kelly640437445@brety.org,England,London,;Meat;Animal feeds;Bakery products,(+44) 5361164501,2021-12-23,457608
belinda_mccormick1790146579@joiniaa.com,England,Milton Keynes,;Fruit and vegetables;Meat,(+44) 4771567456,2021-10-05,461113
benny_osmond786416701@kideod.biz,England,Oxford,;Fruit and vegetables;Milling;Animal feeds;Dairy products;Poultry and fish;Meat;Bakery products,(+44) 4031162533,2021-12-29,454996
bernadette_yang828760523@acrit.org,England,,;Poultry and fish;Bakery products;Dairy products,(+44) 3123202075,2021-09-25,455759
bethany_hilton170306783@liret.org,England,London,;Milling;Animal feeds;Dairy products;Poultry and fish;Bakery products,(+44) 583768545,2021-12-24,460459
bob_andrews257014592@nanoff.biz,England,Winchester,;Fruit and vegetables;Milling;Animal feeds;Dairy products;Poultry and fish;Meat;Bakery products,(+44) 4638546832,2021-12-29,459653
boris_bentley1338592125@famism.biz,England,Plymouth,;Fruit and vegetables;Milling;Animal feeds;Dairy products;Poultry and fish;Meat;Bakery products,(+44) 7267501206,2021-12-31,454588
brad_sherwood859880166@ubusive.com,England,,;Fruit and vegetables;Milling;Animal feeds;Dairy products;Poultry and fish;Meat;Bakery products,(+44) 3806155112,2021-12-20,462653
bridget_vince771889292@twace.org,England,,;Fruit and vegetables;Dairy products,(+44) 8576258036,2021-04-22,454754
bristol_freeburn473610571@typill.biz,England,Plymouth,;Meat;Animal feeds;Bakery products;Milling,(+44) 8646755601,2021-11-06,453904
britney_ianson2126960332@famism.biz,England,Oxford,;Fruit and vegetables;Animal feeds;Dairy products;Poultry and fish;Meat;Bakery products,(+44) 854246255,2021-12-25,449687
bryce_stubbs452380906@guentu.biz,England,Plymouth,;Fruit and vegetables;Dairy products;Milling,(+44) 6258468085,2021-09-15,452777
cadence_doherty119456903@deons.tech,England,Milton Keynes,;Fruit and vegetables;Bakery products;Dairy products,(+44) 4344808488,2021-10-02,456914
callie_ebden490532717@gmail.com,England,,;Bakery products;Dairy products,(+44) 3034547843,2021-09-28,454982
camellia_roberts1199633085@eirey.tech,England,Winchester,;Milling;Animal feeds;Dairy products;Poultry and fish;Meat,(+44) 7063517486,2021-11-29,459201
cameron_wood1731852722@qater.org,England,Milton Keynes,;Fruit and vegetables;Meat;Dairy products,(+44) 4831458777,2021-09-09,457301
candace_parker598484047@sveldo.biz,England,London,;Poultry and fish;Animal feeds;Bakery products;Milling,(+44) 2438367545,2021-10-09,454821
candice_morris1781814840@tonsy.org,England,Plymouth,;Meat;Milling,(+44) 6785204661,2021-10-31,451180
cara_reid699150274@irrepsy.com,England,Oxford,;Bakery products;Dairy products;Milling,(+44) 8783774053,2021-11-18,455406
carissa_lynch939367709@bretoux.com,England,London,;Milling;Animal feeds;Dairy products;Poultry and fish;Meat;Bakery products,(+44) 7540143838,2021-12-17,451653
carl_mccall861359543@ubusive.com,England,Winchester,;Fruit and vegetables;Milling;Animal feeds;Dairy products;Poultry and fish;Meat;Bakery products,(+44) 556142718,2021-12-29,454102
carmen_ellwood287781361@naiker.biz,England,Plymouth,;Poultry and fish;Fruit and vegetables,(+44) 3355887882,2021-09-23,458552
carolyn_brennan467877019@nanoff.biz,England,Milton Keynes,;Milling;Animal feeds;Dairy products;Meat;Bakery products,(+44) 5401368544,2021-06-24,459665
carrie_cox1625679769@deons.tech,England,Plymouth,;Poultry and fish;Animal feeds;Bakery products;Dairy products,(+44) 8302234647,2021-09-27,446490
carter_bailey711838528@twace.org,England,,;Fruit and vegetables;Milling;Animal feeds;Dairy products;Poultry and fish;Meat;Bakery products,(+44) 1673576616,2021-11-22,446634
cassandra_vaughn1396100848@joiniaa.com,England,Milton Keynes,;Fruit and vegetables;Meat;Milling,(+44) 5373704514,2021-12-11,456301
cassidy_martin980948722@supunk.biz,England,Plymouth,;Animal feeds;Dairy products;Poultry and fish;Meat;Bakery products,(+44) 1747434547,2021-11-22,454561
caydence_farmer128781209@gompie.com,England,Plymouth,Animal feeds,(+44) 8887848001,2021-11-29,459351
cedrick_villiger1383406329@mafthy.com,England,Milton Keynes,;Fruit and vegetables;Milling;Animal feeds;Dairy products;Poultry and fish;Meat;Bakery products,(+44) 7061620048,2021-12-29,446586
celina_bell1020208684@sveldo.biz,England,Plymouth,;Poultry and fish;Fruit and vegetables;Bakery products,(+44) 2524606733,2021-12-24,447130
chad_brooks845427736@kideod.biz,England,Oxford,;Fruit and vegetables;Milling;Animal feeds;Dairy products;Poultry and fish;Meat;Bakery products,(+44) 2167475860,2021-12-31,453055
chadwick_martin1864659398@irrepsy.com,England,Winchester,;Fruit and vegetables;Milling;Animal feeds;Dairy products;Poultry and fish;Meat;Bakery products,(+44) 2752330768,2021-12-31,455204
cherish_davies1606788790@nanoff.biz,England,London,;Poultry and fish;Meat;Animal feeds,(+44) 7444211370,2021-04-29,445542
chloe_burnley32740904@eirey.tech,England,Winchester,;Milling;Dairy products;Poultry and fish;Meat;Bakery products,(+44) 6833332051,2021-12-09,444249
christine_stewart618719342@yahoo.com,England,,;Fruit and vegetables;Bakery products,(+44) 4815418510,2021-11-09,449672
chuck_baker771005484@zorer.org,England,Plymouth,;Fruit and vegetables;Milling;Animal feeds;Dairy products;Poultry and fish;Meat;Bakery products,(+44) 7016174078,2021-12-20,450715
clarissa_anderson502537923@bretoux.com,England,Plymouth,;Fruit and vegetables;Milling;Animal feeds;Meat;Bakery products,(+44) 5156545443,2021-11-22,452352
clint_yard287681084@iatim.tech,England,Milton Keynes,;Fruit and vegetables;Milling;Animal feeds;Dairy products;Poultry and fish;Meat;Bakery products,(+44) 7204236315,2021-12-27,441300
colleen_ramsey1089357515@bretoux.com,England,Winchester,;Fruit and vegetables;Animal feeds;Bakery products;Dairy products,(+44) 3723563330,2021-12-12,460380
courtney_cameron390120471@zorer.org,England,,;Meat;Bakery products;Dairy products;Milling,(+44) 3256702710,2021-11-12,454003
cristal_lindsay682110925@extex.org,England,Milton Keynes,;Poultry and fish;Animal feeds;Fruit and vegetables;Dairy products,(+44) 5247541183,2021-12-18,448577
crystal_chapman1941401884@muall.tech,England,Milton Keynes,;Dairy products;Milling,(+44) 1860726837,2021-12-16,448173
dakota_farrow1882128246@cispeto.com,England,Milton Keynes,;Fruit and vegetables;Animal feeds;Poultry and fish;Meat;Bakery products,(+44) 6238051128,2021-12-31,448233
dalia_pitt252775393@sveldo.biz,England,Winchester,;Poultry and fish;Meat;Milling,(+44) 6603875531,2021-04-11,447020
danielle_cadman848902772@tonsy.org,England,Oxford,;Fruit and vegetables;Animal feeds;Dairy products;Poultry and fish;Meat;Bakery products,(+44) 4258466715,2021-12-28,463802
daria_bailey1118363620@grannar.com,England,,;Fruit and vegetables;Meat;Animal feeds,(+44) 1783303176,2021-09-02,461203
darlene_townend418178485@brety.org,England,Oxford,;Fruit and vegetables;Animal feeds;Dairy products,(+44) 4327708584,2021-09-22,454575
dasha_waterhouse1661471810@vetan.org,England,Plymouth,;Fruit and vegetables;Dairy products;Poultry and fish;Meat;Bakery products,(+44) 1676287123,2021-11-21,445288
davina_matthews841132352@acrit.org,England,Oxford,;Poultry and fish;Meat;Bakery products,(+44) 4673771171,2021-12-04,460474
deborah_tennant162881745@deons.tech,England,Plymouth,;Poultry and fish;Dairy products,(+44) 7514147250,2021-12-27,447062
denis_zaoui1131367905@extex.org,England,,;Fruit and vegetables;Milling;Animal feeds;Dairy products;Poultry and fish;Meat;Bakery products,(+44) 4250518275,2021-12-24,446482
destiny_williams1503146148@twipet.com,England,Milton Keynes,;Poultry and fish;Animal feeds;Dairy products,(+44) 1434328580,2021-09-14,446448
diane_roscoe1152660628@mafthy.com,England,Plymouth,;Bakery products;Dairy products;Milling,(+44) 3468618875,2021-10-25,461651
doris_wilde1384366854@zorer.org,England,Winchester,;Fruit and vegetables;Animal feeds;Poultry and fish;Dairy products,(+44) 8251654404,2021-09-05,449503
drew_andrews589878729@nanoff.biz,England,Winchester,;Animal feeds;Bakery products,(+44) 8444402671,2021-10-28,446792
eden_hope1176244957@twipet.com,England,Plymouth,;Poultry and fish;Dairy products,(+44) 2823043463,2021-06-22,445285
eileen_brown1471694044@bungar.biz,England,Oxford,;Milling;Dairy products;Poultry and fish;Meat;Bakery products,(+44) 8340770566,2021-09-25,447061
elijah_wood2019786020@cispeto.com,England,Winchester,;Fruit and vegetables;Milling;Animal feeds;Dairy products;Poultry and fish;Meat;Bakery products,(+44) 1863884827,2021-12-19,448705
elise_long195983167@brety.org,England,,;Poultry and fish;Animal feeds;Dairy products,(+44) 7561077046,2021-10-14,444498
elle_thomson2108995687@yahoo.com,England,,;Fruit and vegetables;Milling;Dairy products;Poultry and fish;Meat;Bakery products,(+44) 4180801571,2021-12-03,445822
ellen_griffiths1764753510@qater.org,England,Winchester,;Poultry and fish;Meat;Milling,(+44) 273861464,2021-11-03,445913
ema_rosenbloom1164106789@infotech44.tech,England,Winchester,;Fruit and vegetables;Milling;Animal feeds;Dairy products;Meat,(+44) 2103146887,2021-12-27,454186
emerald_cooper1299334863@tonsy.org,England,Winchester,;Meat;Animal feeds;Milling,(+44) 8387688558,2021-10-11,452501
enoch_cowan2025544262@nickia.com,England,Oxford,;Fruit and vegetables;Milling;Animal feeds;Dairy products;Poultry and fish;Meat;Bakery products,(+44) 4206676004,2021-12-20,447102
erick_rigg1345990973@naiker.biz,England,Milton Keynes,;Fruit and vegetables;Milling;Animal feeds;Dairy products;Poultry and fish;Meat;Bakery products,(+44) 1722730754,2021-12-23,445534
eryn_morris1671953202@deavo.com,England,London,;Animal feeds;Meat,(+44) 6051103577,2021-06-18,446950
esmeralda_york235096819@ubusive.com,England,Oxford,;Fruit and vegetables;Bakery products,(+44) 6866445484,2021-10-27,460870
estrella_anderson1704624058@atink.com,England,Milton Keynes,;Bakery products;Dairy products,(+44) 6801680655,2021-05-11,448155
ethan_chadwick219101587@acrit.org,England,Winchester,;Fruit and vegetables;Milling;Animal feeds;Dairy products;Poultry and fish;Meat;Bakery products,(+44) 1886174686,2021-12-23,445727
felicity_vince1881181061@nickia.com,England,Milton Keynes,;Meat;Fruit and vegetables;Bakery products;Milling,(+44) 4875131230,2021-11-06,447056
fiona_evans515822382@naiker.biz,England,Oxford,Bakery products,(+44) 4122618677,2021-04-16,446528
francesca_dale670361459@bretoux.com,England,London,;Animal feeds;Meat;Bakery products;Dairy products,(+44) 5431464504,2021-09-01,433950
george_reid751557626@nickia.com,England,,;Fruit and vegetables;Milling;Animal feeds;Dairy products;Poultry and fish;Meat;Bakery products,(+44) 3824628742,2021-12-29,444247
georgia_stewart245520791@bretoux.com,England,Oxford,;Poultry and fish;Animal feeds;Milling,(+44) 5614414163,2021-10-12,459036
goldie_rosenbloom614049857@corti.com,England,Plymouth,;Fruit and vegetables;Milling,(+44) 1258240520,2021-11-29,456925
grace_mason1760751963@gompie.com,England,Milton Keynes,;Meat;Bakery products;Dairy products,(+44) 2438458771,2021-10-17,446422
gwen_alexander2093426343@atink.com,England,Milton Keynes,;Fruit and vegetables;Bakery products;Dairy products;Milling,(+44) 1831428670,2021-09-06,446193
gwenyth_sherwood1691153710@sheye.org,England,Oxford,;Poultry and fish;Bakery products;Dairy products,(+44) 2283013456,2021-10-25,445717
hailey_farrell934796609@brety.org,England,London,;Fruit and vegetables;Bakery products,(+44) 6747016018,2021-12-04,454595
hank_weldon1893759039@twipet.com,England,Milton Keynes,;Fruit and vegetables;Milling;Animal feeds;Dairy products;Poultry and fish;Meat;Bakery products,(+44) 438027333,2021-12-11,444072
hanna_clayton920673355@bungar.biz,England,London,;Meat;Poultry and fish;Fruit and vegetables;Bakery products,(+44) 5113381285,2021-11-20,441143
hannah_rixon441893698@bauros.biz,England,Oxford,;Meat;Poultry and fish;Fruit and vegetables;Milling,(+44) 7716867003,2021-11-28,445179
harmony_alexander1308081351@bulaffy.com,England,Oxford,;Fruit and vegetables;Animal feeds;Dairy products;Meat;Bakery products,(+44) 1442042182,2021-12-24,454974
harriet_gordon769718710@hourpy.biz,England,Milton Keynes,;Animal feeds;Dairy products,(+44) 115734646,2021-07-27,445191
harvey_pearson1222727439@twace.org,England,Winchester,;Fruit and vegetables;Milling;Animal feeds;Dairy products;Poultry and fish;Meat;Bakery products,(+44) 6402362731,2021-12-29,446907
havana_evans1036254094@ubusive.com,England,London,;Fruit and vegetables;Bakery products;Dairy products,(+44) 1621201033,2021-12-07,446801
hayden_rowan1808813424@grannar.com,England,Plymouth,;Fruit and vegetables;Milling;Animal feeds;Dairy products;Poultry and fish;Meat;Bakery products,(+44) 6777651854,2021-12-31,446009
henry_carter149459246@corti.com,England,,;Fruit and vegetables;Milling;Animal feeds;Dairy products;Poultry and fish;Meat;Bakery products,(+44) 5712810583,2021-12-31,443972
hope_welsch1647957280@sheye.org,England,Winchester,;Fruit and vegetables;Milling;Animal feeds;Dairy products;Bakery products,(+44) 8562535374,2021-09-06,429486
irene_kirby1288254799@dionrab.com,England,Plymouth,;Fruit and vegetables;Meat;Bakery products;Dairy products,(+44) 180820206,2021-11-04,460237
iris_freeburn1961184782@twace.org,England,Milton Keynes,;Poultry and fish;Fruit and vegetables;Bakery products,(+44) 7703001528,2021-11-19,442341
isabella_pratt1354182430@atink.com,England,Oxford,;Animal feeds;Milling,(+44) 7118541331,2021-10-15,454614
isla_simpson644865098@cispeto.com,England,Milton Keynes,;Fruit and vegetables;Meat;Dairy products;Milling,(+44) 4071824278,2021-11-15,441283
jack_reading467589428@acrit.org,England,Milton Keynes,;Fruit and vegetables;Milling;Animal feeds;Dairy products;Poultry and fish;Meat;Bakery products,(+44) 6841431068,2022-01-01,445266
jackeline_baldwin2098796491@iatim.tech,England,London,;Meat;Animal feeds;Dairy products,(+44) 430660526,2021-12-03,433943
jacqueline_connell194186021@extex.org,England,,;Poultry and fish;Bakery products;Dairy products,(+44) 3816778871,2021-10-28,446411
jade_varndell231463032@zorer.org,England,Milton Keynes,;Poultry and fish;Animal feeds,(+44) 1244252151,2021-10-13,444427
jane_rogers916249075@extex.org,England,London,;Poultry and fish;Meat;Bakery products,(+44) 621854451,2021-11-21,445751
janice_dowson169504667@tonsy.org,England,London,;Bakery products;Dairy products;Milling,(+44) 317377422,2021-12-01,444070
javier_wright124707890@atink.com,England,London,;Fruit and vegetables;Milling;Animal feeds;Dairy products;Poultry and fish;Meat;Bakery products,(+44) 1562018444,2021-12-23,447303
jayden_gunn495902278@bungar.biz,England,Oxford,;Fruit and vegetables;Milling;Animal feeds;Dairy products;Poultry and fish;Meat;Bakery products,(+44) 8800306328,2021-12-26,444230
jazmin_burnley1581452427@twipet.com,England,Winchester,;Poultry and fish;Meat;Dairy products;Milling,(+44) 1804013807,2021-10-29,460907
jennifer_newton1723461129@nanoff.biz,England,Oxford,;Fruit and vegetables;Bakery products,(+44) 4546353536,2021-11-11,444310
jocelyn_thompson1712864456@nimogy.biz,England,London,;Animal feeds;Bakery products;Dairy products;Milling,(+44) 5027115633,2021-12-01,446429
john_hewitt424773324@guentu.biz,England,,;Fruit and vegetables;Milling;Animal feeds;Dairy products;Poultry and fish;Meat;Bakery products,(+44) 4462424465,2021-12-30,421331
johnny_silva1753469406@bretoux.com,England,Winchester,;Fruit and vegetables;Milling;Animal feeds;Dairy products;Poultry and fish;Meat;Bakery products,(+44) 3220122287,2021-12-30,441137
josh_parker750325047@sheye.org,England,Plymouth,;Fruit and vegetables;Milling;Animal feeds;Dairy products;Poultry and fish;Meat;Bakery products,(+44) 2151402801,2021-12-24,441400
jules_clifford1538124661@fuliss.net,England,London,Poultry and fish,(+44) 6581523575,2021-04-24,445803
julia_booth1345943343@famism.biz,England,,;Fruit and vegetables;Milling;Dairy products;Meat;Bakery products,(+44) 618501741,2021-11-14,443968
juliet_simpson906734379@kideod.biz,England,,;Animal feeds;Meat;Dairy products,(+44) 7583385762,2021-10-08,445166
juliette_sherwood1025881074@irrepsy.com,England,Plymouth,;Meat;Bakery products;Milling,(+44) 5634864186,2021-11-19,454843
julius_alcroft133905789@supunk.biz,England,Plymouth,;Fruit and vegetables;Milling;Animal feeds;Dairy products;Poultry and fish;Bakery products,(+44) 1351410207,2021-12-25,443919
karla_kelly1771585709@womeona.net,England,,;Poultry and fish;Bakery products;Milling,(+44) 5343167670,2021-11-13,443840
katelyn_allen1816286809@hourpy.biz,England,Milton Keynes,;Animal feeds;Dairy products,(+44) 6757583028,2021-11-01,442348
kaylee_varley564357549@kideod.biz,England,Milton Keynes,;Poultry and fish;Fruit and vegetables;Animal feeds,(+44) 3513143181,2021-09-27,441262
keira_dobson57717043@famism.biz,England,Plymouth,;Fruit and vegetables;Dairy products;Milling,(+44) 5782642782,2021-11-23,462770
kenzie_ogilvy1072278970@guentu.biz,England,Plymouth,;Meat;Animal feeds;Milling,(+44) 4043783781,2021-07-11,442340
kirsten_wills194372127@joiniaa.com,England,London,;Fruit and vegetables;Animal feeds;Dairy products;Poultry and fish;Meat;Bakery products,(+44) 5767274545,2021-09-26,444415
kurt_may2011926004@sheye.org,England,Plymouth,;Fruit and vegetables;Milling;Animal feeds;Dairy products;Poultry and fish;Meat;Bakery products,(+44) 8021077727,2021-11-15,444304
laila_crawley1849085681@naiker.biz,England,Winchester,;Poultry and fish;Fruit and vegetables;Animal feeds;Milling,(+44) 1685710681,2021-12-10,420706
lara_rixon962702093@bungar.biz,England,Oxford,;Fruit and vegetables;Milling;Animal feeds;Dairy products;Poultry and fish;Meat,(+44) 2507303811,2021-10-07,459693
lauren_ellison247694015@womeona.net,England,London,;Fruit and vegetables;Animal feeds;Poultry and fish;Meat;Bakery products,(+44) 4681511025,2021-12-31,429131
leah_collins550524090@tonsy.org,England,London,;Fruit and vegetables;Milling;Dairy products;Poultry and fish;Bakery products,(+44) 276008071,2021-12-06,429391
liam_rowan2030363936@dionrab.com,England,London,;Fruit and vegetables;Milling;Animal feeds;Dairy products;Poultry and fish;Meat;Bakery products,(+44) 3466118301,2021-12-16,455794
lillian_thomson548119182@guentu.biz,England,London,;Poultry and fish;Animal feeds;Bakery products;Dairy products,(+44) 6306674347,2021-11-02,461720
lily_robinson1370789362@qater.org,England,Oxford,;Fruit and vegetables;Milling;Animal feeds;Dairy products;Poultry and fish;Meat;Bakery products,(+44) 4183862636,2021-12-23,444059
liv_calderwood1114996142@mafthy.com,England,,;Poultry and fish;Animal feeds;Bakery products;Dairy products,(+44) 470242216,2021-12-04,447047
louise_goldsmith1707232971@supunk.biz,England,Winchester,;Milling;Animal feeds;Dairy products;Meat;Bakery products,(+44) 6851017601,2021-12-03,460877
lucas_adler114372365@mafthy.com,England,Plymouth,;Fruit and vegetables;Milling;Dairy products;Poultry and fish;Meat;Bakery products,(+44) 211751576,2021-12-29,440129
lynn_radcliffe2036828708@mafthy.com,England,Winchester,;Animal feeds;Meat;Dairy products;Milling,(+44) 7068770207,2021-12-13,429369
mabel_stevenson770867754@muall.tech,England,,;Meat;Animal feeds,(+44) 3170156482,2021-09-28,428523
mackenzie_nobbs1390260356@elnee.tech,England,Milton Keynes,;Poultry and fish;Fruit and vegetables;Bakery products;Milling,(+44) 6617220122,2021-12-03,460467
maddison_addison1068093510@nanoff.biz,England,Oxford,;Poultry and fish;Fruit and vegetables;Animal feeds,(+44) 1613101803,2021-12-23,457939
madelyn_chapman1017018489@sveldo.biz,England,,;Fruit and vegetables;Animal feeds;Poultry and fish;Milling,(+44) 7600651161,2021-12-24,442816
madison_murphy894564235@dionrab.com,England,Oxford,;Fruit and vegetables;Animal feeds;Dairy products;Poultry and fish;Meat;Bakery products,(+44) 5550208733,2021-11-15,419719
maia_adams1107813164@fuliss.net,England,Milton Keynes,;Fruit and vegetables;Dairy products,(+44) 4214136552,2021-07-07,435546
mandy_parker646991750@yahoo.com,England,London,;Fruit and vegetables;Milling;Animal feeds;Poultry and fish;Bakery products,(+44) 1552878675,2021-12-31,416015
manuel_hobson1705573769@sveldo.biz,England,Plymouth,;Fruit and vegetables;Milling;Animal feeds;Dairy products;Poultry and fish;Meat;Bakery products,(+44) 6262760253,2021-12-24,442310
mara_hopkins2119557170@tonsy.org,England,Plymouth,;Poultry and fish;Animal feeds;Milling,(+44) 5581202838,2021-12-22,428528
margaret_roberts92125545@nickia.com,England,,;Meat;Bakery products;Milling,(+44) 4806661158,2021-06-06,418386
margot_richardson1954224826@twace.org,England,,;Fruit and vegetables;Animal feeds;Dairy products,(+44) 8677733824,2021-10-29,438638
maria_harper811582925@twace.org,England,,;Fruit and vegetables;Animal feeds;Dairy products;Milling,(+44) 5862611642,2021-12-19,443802
maribel_parsons1154933682@nimogy.biz,England,,;Poultry and fish;Bakery products;Milling,(+44) 8513466360,2021-12-27,451194
marigold_tennant254733486@twace.org,England,Winchester,Bakery products,(+44) 7220757812,2021-08-13,457937
marilyn_ballard416613983@naiker.biz,England,London,;Milling;Animal feeds;Poultry and fish;Meat;Bakery products,(+44) 6667257100,2021-11-16,443963
marina_stone1622623208@iatim.tech,England,,;Animal feeds;Milling,(+44) 484852734,2021-12-20,428534
marjorie_gaynor512391348@sheye.org,England,London,;Fruit and vegetables;Milling;Animal feeds;Dairy products;Bakery products,(+44) 6853724612,2021-09-12,444401
marla_judd1187414312@ubusive.com,England,Plymouth,;Poultry and fish;Meat;Bakery products;Animal feeds,(+44) 3410107342,2021-12-28,425839
martha_lewin1057918208@dionrab.com,England,Oxford,Dairy products,(+44) 3644848242,2021-12-23,441124
mason_woodcock1801416698@nanoff.biz,England,Oxford,;Fruit and vegetables;Milling;Animal feeds;Dairy products;Poultry and fish;Meat;Bakery products,(+44) 6330437653,2021-12-31,440116
mavis_thatcher1421593897@tonsy.org,England,Oxford,Meat,(+44) 8500820714,2021-10-27,462222
maya_shaw1449641032@womeona.net,England,Plymouth,;Fruit and vegetables;Bakery products;Milling,(+44) 1835040465,2021-09-07,423704
mayleen_clark1133241679@naiker.biz,England,Plymouth,;Milling;Animal feeds;Dairy products;Poultry and fish;Meat;Bakery products,(+44) 1431463575,2021-11-14,414018
megan_moran72319877@extex.org,England,Plymouth,;Animal feeds;Meat;Poultry and fish;Milling,(+44) 6378021516,2021-12-10,441117
melania_taylor444883220@naiker.biz,England,London,;Bakery products;Milling,(+44) 6838755065,2021-12-09,423710
melanie_baker332403807@atink.com,England,Plymouth,Animal feeds,(+44) 4082551126,2021-12-23,461515
melinda_walsh643326252@liret.org,England,Milton Keynes,;Fruit and vegetables;Animal feeds;Dairy products;Poultry and fish;Meat;Bakery products,(+44) 141722086,2021-12-31,420734
melody_graves690959442@acrit.org,England,Milton Keynes,;Fruit and vegetables;Milling;Animal feeds;Poultry and fish;Meat,(+44) 6437335833,2021-12-20,418358
michael_hill967032167@fuliss.net,England,Plymouth,;Fruit and vegetables;Milling;Animal feeds;Dairy products;Poultry and fish;Meat;Bakery products,(+44) 3058183423,2021-12-25,428536
mina_pearson95230051@gembat.biz,England,Plymouth,;Meat;Dairy products,(+44) 6254303741,2021-10-30,414010
miriam_dubois1313153459@womeona.net,England,Plymouth,;Fruit and vegetables;Animal feeds;Dairy products,(+44) 385610758,2021-10-12,457945
molly_ebbs1778690293@gembat.biz,England,Milton Keynes,;Poultry and fish;Meat;Bakery products,(+44) 8145735628,2021-11-19,419725
mona_bishop142932851@tonsy.org,England,Oxford,;Animal feeds;Fruit and vegetables,(+44) 2756340868,2021-11-27,460399
monica_edwards692719493@sveldo.biz,England,London,;Fruit and vegetables;Milling;Dairy products;Meat;Bakery products,(+44) 2256411443,2021-12-12,462101
nancy_abbey559204477@naiker.biz,England,Winchester,;Poultry and fish;Bakery products;Dairy products,(+44) 7318717471,2021-12-09,438615
natalie_umney352254276@joiniaa.com,England,Winchester,;Poultry and fish;Fruit and vegetables,(+44) 3330651050,2021-08-28,415283
nathan_jackson206722919@iatim.tech,England,Oxford,;Fruit and vegetables;Milling;Animal feeds;Dairy products;Poultry and fish;Meat;Bakery products,(+44) 1237842033,2021-12-16,428517
nicholas_gallacher1683318379@nanoff.biz,England,Oxford,;Fruit and vegetables;Milling;Animal feeds;Dairy products;Poultry and fish;Meat;Bakery products,(+44) 5344016575,2021-12-31,418367
nina_fox2089545104@atink.com,England,Oxford,;Meat;Fruit and vegetables;Bakery products;Dairy products,(+44) 5760836204,2021-09-13,435532
norah_stewart1004006352@iatim.tech,England,London,Fruit and vegetables,(+44) 1227372116,2021-11-10,415278
oliver_waterhouse775286373@elnee.tech,England,,;Fruit and vegetables;Milling;Animal feeds;Dairy products;Poultry and fish;Meat;Bakery products,(+44) 2777045447,2021-12-16,425806
olivia_wilkinson1776841877@bungar.biz,England,Oxford,;Meat;Bakery products;Dairy products;Milling,(+44) 3445661755,2021-09-19,440115
peter_fulton285637979@gembat.biz,England,Oxford,;Fruit and vegetables;Milling;Animal feeds;Dairy products;Poultry and fish;Meat;Bakery products,(+44) 1816143166,2021-12-29,442306
peyton_power615779651@sheye.org,England,Winchester,;Meat;Fruit and vegetables;Bakery products;Poultry and fish,(+44) 8718087003,2021-09-02,426101
priscilla_chappell1288807496@bauros.biz,England,Plymouth,;Dairy products;Milling,(+44) 7576675182,2021-12-26,430601
raquel_powell1106630418@acrit.org,England,Oxford,;Poultry and fish;Fruit and vegetables;Milling,(+44) 6258336538,2021-11-22,434751
rebecca_parker319786579@gmail.com,England,Milton Keynes,;Meat;Fruit and vegetables;Animal feeds;Dairy products,(+44) 2142330656,2021-12-20,418307
remy_pond1229807446@ovock.tech,England,Plymouth,;Fruit and vegetables;Animal feeds;Dairy products;Poultry and fish;Meat;Bakery products,(+44) 5782278435,2021-12-09,435852
renee_kelly869830390@cispeto.com,England,Plymouth,;Fruit and vegetables;Milling;Animal feeds;Poultry and fish;Meat,(+44) 3350661563,2021-12-20,427452
rick_oldfield964191629@nanoff.biz,England,Milton Keynes,;Fruit and vegetables;Milling;Animal feeds;Dairy products;Poultry and fish;Meat;Bakery products,(+44) 5386480008,2021-12-27,436701
rihanna_lucas1570483380@muall.tech,England,London,;Fruit and vegetables;Milling;Animal feeds;Dairy products;Poultry and fish;Meat;Bakery products,(+44) 7275882643,2021-09-24,429356
rita_reynolds125335753@elnee.tech,England,Winchester,;Poultry and fish;Animal feeds;Fruit and vegetables;Milling,(+44) 6461036174,2021-11-14,436601
rocco_morgan504032419@muall.tech,England,Plymouth,;Fruit and vegetables;Milling;Animal feeds;Dairy products;Poultry and fish;Meat;Bakery products,(+44) 8615052353,2021-12-31,436401
ron_wilde169467994@corti.com,England,Winchester,;Fruit and vegetables;Milling;Animal feeds;Dairy products;Poultry and fish;Meat;Bakery products,(+44) 6388658846,2021-12-02,413016
ronald_truscott552963773@womeona.net,England,London,;Fruit and vegetables;Milling;Animal feeds;Dairy products;Poultry and fish;Meat;Bakery products,(+44) 3208680170,2021-12-31,422753
rosa_larsen698801438@supunk.biz,England,,;Meat;Poultry and fish;Fruit and vegetables;Animal feeds,(+44) 520436033,2021-12-13,426253
rosalie_johnson1610181250@bungar.biz,England,Oxford,;Fruit and vegetables;Animal feeds;Milling,(+44) 6173231815,2021-12-17,441363
rosalyn_needham1276290101@hourpy.biz,England,Winchester,;Fruit and vegetables;Animal feeds;Dairy products;Poultry and fish;Meat,(+44) 5821645633,2021-11-16,431101
rose_kelly1501238454@sheye.org,England,Oxford,;Meat;Milling,(+44) 7317467713,2021-10-26,415902
rosemary_dixon1137539590@bretoux.com,England,Winchester,;Poultry and fish;Meat;Fruit and vegetables;Dairy products,(+44) 1416801623,2021-09-25,415651
rowan_stewart1648292863@bulaffy.com,England,Oxford,;Fruit and vegetables;Animal feeds;Dairy products;Poultry and fish;Meat;Bakery products,(+44) 4372733045,2021-12-10,433904
ruth_morley957959364@atink.com,England,Milton Keynes,;Poultry and fish;Fruit and vegetables,(+44) 1058036122,2021-04-13,421653
ryan_welsch107397896@famism.biz,England,,;Fruit and vegetables;Milling;Animal feeds;Dairy products;Poultry and fish;Meat;Bakery products,(+44) 2778635604,2021-12-30,418051
sabina_pitt1905237708@kideod.biz,England,Oxford,Animal feeds,(+44) 5280461831,2021-10-24,459685
sadie_whitmore1662537727@liret.org,England,Oxford,Dairy products,(+44) 1588670610,2021-11-05,436301
samantha_furnell1105031997@joiniaa.com,England,London,;Poultry and fish;Animal feeds;Dairy products,(+44) 5572215165,2021-10-26,421754
samara_kelly864614965@twace.org,England,Milton Keynes,;Bakery products;Milling,(+44) 476205776,2021-11-02,415302
sara_tailor1823747395@vetan.org,England,,;Meat;Bakery products;Dairy products;Milling,(+44) 7685605221,2021-12-24,418001
sasha_graham1961080205@nimogy.biz,England,London,;Poultry and fish;Fruit and vegetables;Milling,(+44) 5548274808,2021-12-30,422402
selena_ainsworth391754559@cispeto.com,England,,;Poultry and fish;Meat;Dairy products;Animal feeds,(+44) 4870033120,2021-11-14,437852
shannon_richardson332101752@supunk.biz,England,London,;Animal feeds;Dairy products;Milling,(+44) 2286603457,2021-09-12,424301
sharon_richardson1732083851@ubusive.com,England,,;Animal feeds;Fruit and vegetables;Bakery products;Milling,(+44) 5042102731,2021-10-08,435052
shay_kaur283340772@iatim.tech,England,Plymouth,;Poultry and fish;Bakery products;Milling,(+44) 5824138155,2021-08-28,430454
sonya_rogan1843011818@sveldo.biz,England,Milton Keynes,Dairy products,(+44) 2870530837,2021-12-22,459032
stella_stewart686581085@bauros.biz,England,London,;Fruit and vegetables;Animal feeds;Dairy products;Meat;Bakery products,(+44) 1274154188,2021-11-18,432001
stephanie_cooper932322366@hourpy.biz,England,Milton Keynes,;Meat;Animal feeds;Bakery products;Milling,(+44) 6518053418,2022-01-01,441004
summer_price1953616126@eirey.tech,England,Plymouth,;Fruit and vegetables;Animal feeds;Poultry and fish;Meat;Bakery products,(+44) 2171857453,2021-12-07,416451
susan_evans484739469@iatim.tech,England,Oxford,;Poultry and fish;Fruit and vegetables,(+44) 248526587,2021-10-07,422801
sydney_walsh1821855361@bretoux.com,England,,;Poultry and fish;Meat;Dairy products;Milling,(+44) 8364321170,2021-09-22,435902
sylvia_evans1119645843@vetan.org,England,Milton Keynes,;Meat;Fruit and vegetables;Bakery products,(+44) 2644117577,2021-06-11,462212
tara_phillips187519112@muall.tech,England,Oxford,;Fruit and vegetables;Milling;Animal feeds;Poultry and fish;Meat;Bakery products,(+44) 8480112775,2021-12-04,429354
tess_sylvester1755106765@nickia.com,England,Oxford,;Fruit and vegetables;Animal feeds;Poultry and fish;Meat;Bakery products,(+44) 7821763572,2021-12-24,431801
thea_allen397032970@eirey.tech,England,Plymouth,;Poultry and fish;Dairy products,(+44) 8706012821,2021-07-02,420651
tom_osmond1891682421@ovock.tech,England,,;Fruit and vegetables;Milling;Animal feeds;Dairy products;Poultry and fish;Meat;Bakery products,(+44) 1084774847,2021-12-29,434452
tyler_funnell1086684905@grannar.com,England,,;Fruit and vegetables;Milling;Animal feeds;Dairy products;Poultry and fish;Meat;Bakery products,(+44) 5326358370,2021-12-24,438702
valerie_hunt2084352537@muall.tech,England,Plymouth,;Poultry and fish;Dairy products,(+44) 38207705,2021-09-22,460862
vera_payne1227725435@irrepsy.com,England,London,;Poultry and fish;Animal feeds;Dairy products;Milling,(+44) 4735376611,2022-01-01,421501
vicky_morrison279903672@fuliss.net,England,London,;Dairy products;Milling,(+44) 6726482802,2021-07-25,437501
violet_moran1613873168@gembat.biz,England,Milton Keynes,;Poultry and fish;Fruit and vegetables,(+44) 804316088,2021-02-11,413209
vivian_russell695390295@twace.org,England,Winchester,Animal feeds,(+44) 6706678525,2021-12-03,436653
wade_olivier689563814@yahoo.com,England,Milton Keynes,;Fruit and vegetables;Milling;Animal feeds;Dairy products;Poultry and fish;Meat;Bakery products,(+44) 3076116114,2021-12-21,420801
willow_nash1165890703@fuliss.net,England,London,;Fruit and vegetables;Milling;Animal feeds;Dairy products;Poultry and fish;Bakery products,(+44) 4344202781,2021-12-31,420601
zara_oldfield587137840@ubusive.com,England,London,;Meat;Animal feeds;Fruit and vegetables;Milling,(+44) 7614866578,2021-11-12,427351
abbey_porter75675783@vetan.org,Ireland,Limerick,Poultry and fish,(+353) 8532182466,2021-05-12,457508
ada_flanders582481047@iatim.tech,Ireland,Cork,;Poultry and fish;Fruit and vegetables;Bakery products,(+353) 1227556216,2021-12-15,461383
adalie_phillips1643356969@corti.com,Ireland,Limerick,;Fruit and vegetables;Milling;Animal feeds;Poultry and fish;Meat;Bakery products,(+353) 5771058017,2021-12-29,462452
aeris_clarke1358223950@naiker.biz,Ireland,Waterford,;Fruit and vegetables;Animal feeds;Poultry and fish,(+353) 3187407013,2021-08-20,454171
aileen_chester577734017@typill.biz,Ireland,Ireland,;Animal feeds;Bakery products,(+353) 4226334634,2021-07-12,454988
alba_warner1407189371@joiniaa.com,Ireland,Limerick,;Animal feeds;Meat;Bakery products,(+353) 8435032084,2021-10-01,460868
alex_hope1503719014@acrit.org,Ireland,Cork,;Fruit and vegetables;Animal feeds;Dairy products;Poultry and fish;Bakery products,(+353) 7532674744,2021-10-29,454142
alexa_miller462965062@liret.org,Ireland,Limerick,;Fruit and vegetables;Milling;Animal feeds;Meat;Bakery products,(+353) 6387281157,2021-12-19,447049
ally_smith600500464@womeona.net,Ireland,Ireland,;Fruit and vegetables;Dairy products,(+353) 2708308184,2021-11-22,452783
alma_dixon573604059@brety.org,Ireland,Ireland,;Meat;Fruit and vegetables;Animal feeds,(+353) 2224857102,2021-06-29,447132
anabelle_gilmour81578353@nimogy.biz,Ireland,Dublin,;Animal feeds;Fruit and vegetables;Bakery products;Milling,(+353) 6256750475,2021-10-17,459784
andie_edler1668569249@guentu.biz,Ireland,Ireland,;Animal feeds;Milling,(+353) 1448316381,2021-07-19,459024
andrea_terry2048067974@irrepsy.com,Ireland,Waterford,;Fruit and vegetables;Milling;Animal feeds;Poultry and fish;Meat,(+353) 2663616843,2021-12-01,461712
angela_wright1627350027@acrit.org,Ireland,Ireland,;Poultry and fish;Animal feeds;Fruit and vegetables,(+353) 7140624578,2021-12-29,460359
angelique_kelly1690655092@liret.org,Ireland,Ireland,;Animal feeds;Dairy products;Milling,(+353) 8605622176,2021-06-08,456906
anthony_simpson1652058214@ubusive.com,Ireland,Limerick,;Fruit and vegetables;Milling;Animal feeds;Dairy products;Poultry and fish;Meat;Bakery products,(+353) 125730535,2021-12-26,455785
barry_kerr2131042293@guentu.biz,Ireland,Waterford,;Fruit and vegetables;Milling;Animal feeds;Dairy products;Poultry and fish;Meat;Bakery products,(+353) 5761575284,2021-12-21,452793
benjamin_ingham767553116@twipet.com,Ireland,Cork,;Fruit and vegetables;Milling;Animal feeds;Dairy products;Poultry and fish;Meat;Bakery products,(+353) 8585084720,2021-12-31,446598
blake_hill506018627@liret.org,Ireland,Dublin,;Fruit and vegetables;Milling;Animal feeds;Dairy products;Poultry and fish;Bakery products,(+353) 8113881047,2021-11-04,447050
bree_dale1127772649@fuliss.net,Ireland,Ireland,;Fruit and vegetables;Dairy products;Milling,(+353) 1038322480,2021-04-15,450739
brooklyn_dallas1446559094@corti.com,Ireland,Waterford,;Meat;Fruit and vegetables;Poultry and fish;Animal feeds,(+353) 8117065456,2021-12-29,452787
bryon_bailey856503378@dionrab.com,Ireland,Cork,;Fruit and vegetables;Milling;Animal feeds;Dairy products;Poultry and fish;Meat;Bakery products,(+353) 6150670425,2021-12-27,454806
caitlyn_jefferson1526724557@mafthy.com,Ireland,Waterford,;Fruit and vegetables;Animal feeds;Dairy products;Poultry and fish;Meat;Bakery products,(+353) 230286163,2021-11-15,445844
caleb_stewart1820586090@joiniaa.com,Ireland,Cork,;Fruit and vegetables;Milling;Animal feeds;Dairy products;Poultry and fish;Meat;Bakery products,(+353) 8150830713,2021-12-31,450726
camden_abbot1362649828@nimogy.biz,Ireland,Dublin,;Fruit and vegetables;Milling;Animal feeds;Dairy products;Poultry and fish,(+353) 8074560785,2021-10-02,455758
camila_hammond690540341@cispeto.com,Ireland,Limerick,;Bakery products;Dairy products,(+353) 7167452871,2021-11-23,454200
carla_spencer1661179178@grannar.com,Ireland,Waterford,;Fruit and vegetables;Animal feeds;Dairy products;Poultry and fish;Bakery products,(+353) 780872386,2021-11-06,454356
carmella_brock1791983044@eirey.tech,Ireland,Dublin,;Meat;Fruit and vegetables;Bakery products;Poultry and fish,(+353) 8126220475,2021-11-10,454117
carol_rigg725242419@grannar.com,Ireland,Ireland,;Poultry and fish;Animal feeds;Milling,(+353) 7073236405,2021-12-31,454118
catherine_chadwick1739448712@grannar.com,Ireland,Waterford,;Fruit and vegetables;Milling;Animal feeds;Dairy products;Poultry and fish;Meat;Bakery products,(+353) 1582685504,2021-12-25,450866
cecilia_simpson251981393@kideod.biz,Ireland,Limerick,;Animal feeds;Bakery products;Milling,(+353) 6181337830,2021-06-14,446590
celia_maxwell1754616779@joiniaa.com,Ireland,Ireland,;Animal feeds;Bakery products;Milling,(+353) 863425725,2021-09-18,454108
chanelle_denton1584397339@zorer.org,Ireland,Ireland,;Fruit and vegetables;Milling;Animal feeds;Dairy products;Poultry and fish;Bakery products,(+353) 5736453282,2021-10-27,451161
charlize_jeffery1313828650@zorer.org,Ireland,Limerick,;Fruit and vegetables;Milling;Dairy products;Poultry and fish;Meat;Bakery products,(+353) 4637738185,2021-12-24,447071
charlotte_furnell441825239@nanoff.biz,Ireland,Waterford,Dairy products,(+353) 1656368701,2021-10-05,460199
chelsea_graham822432064@grannar.com,Ireland,Waterford,;Animal feeds;Bakery products;Milling,(+353) 5560643157,2021-08-18,450896
chester_booth898847065@ovock.tech,Ireland,Waterford,;Fruit and vegetables;Milling;Animal feeds;Dairy products;Poultry and fish;Meat;Bakery products,(+353) 8402516417,2021-12-26,453003
chris_morgan1017946550@ovock.tech,Ireland,Limerick,;Fruit and vegetables;Milling;Animal feeds;Dairy products;Poultry and fish;Meat;Bakery products,(+353) 3815118777,2021-12-30,444496
ciara_upton1946962342@mafthy.com,Ireland,Ireland,;Fruit and vegetables;Milling;Animal feeds;Poultry and fish;Meat;Bakery products,(+353) 1286046783,2021-10-12,452503
claire_hamilton901584681@typill.biz,Ireland,Ireland,;Meat;Milling,(+353) 2671267326,2021-07-02,460462
cynthia_wilde343944663@naiker.biz,Ireland,Ireland,;Fruit and vegetables;Milling;Dairy products;Poultry and fish;Meat;Bakery products,(+353) 3416821645,2021-11-23,454585
dani_franks1734004851@acrit.org,Ireland,Limerick,;Fruit and vegetables;Milling;Animal feeds;Dairy products;Poultry and fish,(+353) 4742682767,2021-12-16,460867
daniel_rogers1139744161@muall.tech,Ireland,Waterford,;Fruit and vegetables;Milling;Animal feeds;Dairy products;Poultry and fish;Meat;Bakery products,(+353) 7218848643,2021-12-27,457952
danny_shields710478081@guentu.biz,Ireland,Ireland,;Fruit and vegetables;Milling;Animal feeds;Dairy products;Poultry and fish;Meat;Bakery products,(+353) 2606621701,2021-11-30,455301
daphne_sheldon1373802573@sheye.org,Ireland,Ireland,;Fruit and vegetables;Dairy products,(+353) 736720715,2021-08-02,453801
daron_raven975827539@dionrab.com,Ireland,Cork,;Fruit and vegetables;Milling;Animal feeds;Dairy products;Poultry and fish;Meat;Bakery products,(+353) 2860287261,2021-12-28,445820
david_yang365754519@gmail.com,Ireland,Ireland,;Fruit and vegetables;Milling;Animal feeds;Dairy products;Poultry and fish;Meat;Bakery products,(+353) 5314117020,2021-12-28,449677
denny_thomas1268888120@cispeto.com,Ireland,Limerick,;Fruit and vegetables;Milling;Animal feeds;Dairy products;Poultry and fish;Meat;Bakery products,(+353) 4627663508,2021-12-26,445935
domenic_stewart9020590@bungar.biz,Ireland,Dublin,;Fruit and vegetables;Milling;Animal feeds;Dairy products;Poultry and fish;Meat;Bakery products,(+353) 7554433007,2021-12-24,448171
dorothy_gardner1171690301@sveldo.biz,Ireland,Limerick,;Fruit and vegetables;Milling;Animal feeds;Poultry and fish;Bakery products,(+353) 7203543835,2021-11-02,445800
doug_woodcock1888998049@cispeto.com,Ireland,Waterford,;Fruit and vegetables;Milling;Animal feeds;Dairy products;Poultry and fish;Meat;Bakery products,(+353) 1645242302,2021-12-31,446788
eduardo_thornton1538140776@liret.org,Ireland,Waterford,;Fruit and vegetables;Milling;Animal feeds;Dairy products;Poultry and fish;Meat;Bakery products,(+353) 7843663618,2021-12-31,452301
elena_dixon423421711@gembat.biz,Ireland,Cork,;Meat;Bakery products;Dairy products;Milling,(+353) 2415625411,2021-12-27,452201
elisabeth_newton2062882721@guentu.biz,Ireland,Waterford,;Fruit and vegetables;Milling;Animal feeds;Dairy products;Poultry and fish;Meat;Bakery products,(+353) 6130344841,2021-12-25,448162
elly_yoman1163745437@extex.org,Ireland,Ireland,;Fruit and vegetables;Milling;Dairy products;Poultry and fish;Meat,(+353) 463115416,2021-07-23,457928
ember_blackburn752216997@kideod.biz,Ireland,Waterford,;Fruit and vegetables;Dairy products;Poultry and fish;Meat;Bakery products,(+353) 1665807460,2021-11-15,446530
emely_thomson1641430271@gembat.biz,Ireland,Dublin,;Poultry and fish;Bakery products,(+353) 6736454885,2021-11-23,449154
emery_chappell2123967674@naiker.biz,Ireland,Limerick,;Poultry and fish;Bakery products;Milling,(+353) 4823437213,2021-12-17,445729
emma_thorne517653489@gembat.biz,Ireland,Cork,;Meat;Animal feeds;Fruit and vegetables,(+353) 1635762802,2021-07-05,461711
emmanuelle_cunningham209083436@dionrab.com,Ireland,Waterford,;Animal feeds;Dairy products;Poultry and fish;Meat;Bakery products,(+353) 5122650740,2021-10-13,452801
erica_franks1281166753@gembat.biz,Ireland,Ireland,;Bakery products;Dairy products;Milling,(+353) 275837324,2021-12-13,462412
erin_rees204849888@cispeto.com,Ireland,Limerick,;Fruit and vegetables;Animal feeds;Bakery products;Dairy products,(+353) 842754756,2021-12-13,421346
eve_stevenson1733886860@iatim.tech,Ireland,Waterford,;Poultry and fish;Bakery products,(+353) 5330233867,2021-10-26,460394
evelynn_knight338388516@cispeto.com,Ireland,Dublin,;Poultry and fish;Fruit and vegetables;Bakery products;Dairy products,(+353) 7381075776,2021-10-19,446798
faith_lakey422211640@joiniaa.com,Ireland,Waterford,;Meat;Animal feeds,(+353) 4522308310,2021-11-20,446754
florence_doherty1081065157@mafthy.com,Ireland,Ireland,;Meat;Fruit and vegetables;Poultry and fish;Milling,(+353) 3780847643,2021-11-07,460920
fred_russell1844006600@grannar.com,Ireland,Limerick,;Fruit and vegetables;Milling;Animal feeds;Dairy products;Poultry and fish;Meat;Bakery products,(+353) 1242373870,2021-12-20,445278
freya_roman2090753618@cispeto.com,Ireland,Cork,;Poultry and fish;Milling,(+353) 7867365506,2021-12-12,461724
gabriel_rose1036614817@famism.biz,Ireland,Dublin,;Fruit and vegetables;Milling;Animal feeds;Dairy products;Poultry and fish;Meat;Bakery products,(+353) 312225768,2021-12-31,446560
gil_long842564927@eirey.tech,Ireland,Waterford,;Fruit and vegetables;Milling;Animal feeds;Dairy products;Poultry and fish;Meat;Bakery products,(+353) 6475750845,2021-12-21,445932
gina_cattell1297514301@deavo.com,Ireland,Cork,;Animal feeds;Bakery products;Dairy products;Milling,(+353) 1773137563,2021-12-26,446041
gladys_power1867198052@iatim.tech,Ireland,Cork,;Fruit and vegetables;Meat,(+353) 4356660546,2021-05-31,446615
gloria_mcnally785232736@dionrab.com,Ireland,Waterford,;Animal feeds;Bakery products;Dairy products,(+353) 605303635,2021-09-20,460853
greta_exton971874306@womeona.net,Ireland,Waterford,;Poultry and fish;Fruit and vegetables;Bakery products,(+353) 2453736604,2021-10-17,446051
hadley_durrant968820193@grannar.com,Ireland,Cork,;Fruit and vegetables;Milling;Animal feeds;Poultry and fish;Bakery products,(+353) 7841564288,2021-11-06,446441
harry_verdon579107410@mafthy.com,Ireland,Cork,;Fruit and vegetables;Milling;Animal feeds;Dairy products;Poultry and fish;Meat;Bakery products,(+353) 6325100737,2021-12-18,445252
hazel_crawley383802891@bauros.biz,Ireland,Cork,Bakery products,(+353) 2740677042,2021-08-02,458510
helen_olivier2111316695@nickia.com,Ireland,Cork,;Poultry and fish;Dairy products;Milling,(+353) 7357204220,2021-08-07,444225
holly_ianson1237618568@liret.org,Ireland,Cork,;Meat;Animal feeds;Poultry and fish,(+353) 4043805420,2021-11-25,433947
ilona_white1046408201@deons.tech,Ireland,Ireland,;Poultry and fish;Animal feeds;Dairy products;Milling,(+353) 1333163420,2021-12-15,444064
isabel_norman606897614@atink.com,Ireland,Ireland,;Meat;Bakery products;Dairy products;Milling,(+353) 6833607116,2021-10-31,444043
ivette_york1603798199@bulaffy.com,Ireland,Cork,;Dairy products;Milling,(+353) 2550338022,2021-12-18,446412
ivy_mcguire1840639835@gembat.biz,Ireland,Waterford,;Animal feeds;Fruit and vegetables;Poultry and fish,(+353) 6142543862,2021-09-09,444221
jacob_james42088968@naiker.biz,Ireland,Ireland,;Fruit and vegetables;Milling;Animal feeds;Dairy products;Poultry and fish;Meat;Bakery products,(+353) 5300525865,2021-12-12,443176
jamie_carter106211500@zorer.org,Ireland,Cork,;Fruit and vegetables;Milling;Animal feeds;Dairy products;Poultry and fish;Meat,(+353) 6326152602,2021-12-31,445177
janelle_jenkin1681732643@mafthy.com,Ireland,Limerick,;Fruit and vegetables;Milling;Animal feeds;Dairy products;Meat;Bakery products,(+353) 1758243635,2021-12-27,445952
jaylene_evans512441558@infotech44.tech,Ireland,Cork,;Meat;Animal feeds;Dairy products;Milling,(+353) 5466720282,2021-12-10,444645
jessica_russell897061121@elnee.tech,Ireland,Waterford,;Fruit and vegetables;Milling;Animal feeds;Dairy products;Meat;Bakery products,(+353) 6476414835,2021-09-30,443178
johnathan_simpson904055210@deavo.com,Ireland,Dublin,;Fruit and vegetables;Milling;Animal feeds;Dairy products;Poultry and fish;Meat;Bakery products,(+353) 5075308113,2021-12-26,443173
joseph_locke2131413654@eirey.tech,Ireland,Waterford,;Fruit and vegetables;Milling;Animal feeds;Dairy products;Poultry and fish;Meat;Bakery products,(+353) 3264486860,2021-12-27,443165
josephine_reid957428721@nanoff.biz,Ireland,Cork,;Fruit and vegetables;Meat;Bakery products;Dairy products,(+353) 8624877507,2021-11-18,445764
joy_speed942886359@sheye.org,Ireland,Limerick,;Poultry and fish;Fruit and vegetables;Dairy products,(+353) 4462645240,2021-12-15,441546
joyce_wright1285501343@bretoux.com,Ireland,Waterford,;Animal feeds;Meat;Dairy products,(+353) 4282364085,2021-10-11,443161
judith_reese1195887369@elnee.tech,Ireland,Ireland,;Animal feeds;Meat,(+353) 8554632485,2021-08-20,443188
julian_rothwell119835994@cispeto.com,Ireland,Waterford,;Fruit and vegetables;Milling;Animal feeds;Dairy products;Poultry and fish;Meat;Bakery products,(+353) 7204215167,2021-12-22,444456
julianna_davies130654969@famism.biz,Ireland,Cork,Poultry and fish,(+353) 210242224,2021-09-29,451195
kamila_greenwood1488007758@muall.tech,Ireland,Waterford,;Animal feeds;Bakery products;Dairy products,(+353) 3540280400,2021-12-19,441794
karen_booth1832764660@bretoux.com,Ireland,Cork,;Fruit and vegetables;Milling;Animal feeds;Dairy products;Poultry and fish,(+353) 7042487637,2021-12-25,438373
kassandra_pond838043085@supunk.biz,Ireland,Cork,;Poultry and fish;Fruit and vegetables,(+353) 4038348833,2021-10-01,443685
kendra_hobbs276875392@typill.biz,Ireland,Waterford,;Fruit and vegetables;Milling,(+353) 814371082,2021-08-14,444625
kieth_wright553947283@grannar.com,Ireland,Limerick,;Fruit and vegetables;Animal feeds;Dairy products;Poultry and fish;Meat;Bakery products,(+353) 5817673337,2021-12-19,443911
kimberly_watt1627548255@acrit.org,Ireland,Waterford,;Animal feeds;Bakery products;Dairy products,(+353) 3424555886,2021-12-29,456908
lana_roberts348693296@naiker.biz,Ireland,Waterford,;Bakery products;Dairy products;Milling,(+353) 4311522135,2021-12-03,413232
leanne_stevens1075628596@guentu.biz,Ireland,Dublin,;Animal feeds;Meat;Dairy products;Milling,(+353) 7852607401,2021-12-04,443682
leilani_simpson1692767973@ubusive.com,Ireland,Waterford,;Meat;Bakery products;Dairy products,(+353) 5365852857,2021-10-14,443918
leroy_murray766166302@bretoux.com,Ireland,Dublin,;Fruit and vegetables;Milling;Animal feeds;Dairy products;Poultry and fish;Meat;Bakery products,(+353) 3616656360,2021-12-31,443669
leslie_collins65573628@yahoo.com,Ireland,Dublin,;Meat;Bakery products;Milling,(+353) 3267127285,2021-07-03,433937
lexi_dunbar722128966@sveldo.biz,Ireland,Limerick,;Fruit and vegetables;Dairy products,(+353) 222686721,2021-11-12,462758
liliana_purvis525253219@bulaffy.com,Ireland,Cork,;Animal feeds;Dairy products;Poultry and fish;Meat;Bakery products,(+353) 5708362461,2021-12-13,429478
livia_hardwick2023234690@gmail.com,Ireland,Cork,;Animal feeds;Fruit and vegetables;Bakery products,(+353) 4786256372,2021-12-07,431047
logan_thornton138095562@dionrab.com,Ireland,Limerick,;Fruit and vegetables;Milling;Animal feeds;Dairy products;Poultry and fish;Meat;Bakery products,(+353) 4105120020,2021-12-28,429379
lorraine_amstead2010589656@nickia.com,Ireland,Dublin,;Fruit and vegetables;Milling;Animal feeds;Dairy products;Bakery products,(+353) 8764035722,2021-10-11,441530
lucy_hill1315589489@qater.org,Ireland,Waterford,;Animal feeds;Bakery products;Dairy products;Milling,(+353) 308302101,2021-12-22,444422
luke_ainsworth312748358@jiman.org,Ireland,Waterford,;Fruit and vegetables;Milling;Animal feeds;Dairy products;Poultry and fish;Meat;Bakery products,(+353) 7763061636,2021-12-23,423977
luna_edwards634824361@vetan.org,Ireland,Limerick,;Animal feeds;Milling,(+353) 7811506218,2021-12-01,443904
macy_walker317083403@grannar.com,Ireland,Dublin,;Milling;Animal feeds;Dairy products;Poultry and fish;Bakery products,(+353) 8033403200,2021-12-11,461390
maggie_stevens1614321724@twipet.com,Ireland,Ireland,;Poultry and fish;Meat;Dairy products;Milling,(+353) 803031536,2021-10-21,423728
makena_griffiths724387766@qater.org,Ireland,Dublin,;Fruit and vegetables;Meat;Poultry and fish,(+353) 2857366628,2021-12-07,421320
makenzie_thomas948774787@sheye.org,Ireland,Dublin,;Fruit and vegetables;Animal feeds;Dairy products,(+353) 22760737,2021-11-12,418382
marie_johnson1475417653@nickia.com,Ireland,Waterford,;Meat;Fruit and vegetables;Animal feeds;Milling,(+353) 5041825373,2021-09-02,441541
marissa_robinson1977045675@infotech44.tech,Ireland,Ireland,;Meat;Fruit and vegetables;Bakery products;Milling,(+353) 4128411157,2021-11-10,440122
mark_cox85256266@infotech44.tech,Ireland,Limerick,;Fruit and vegetables;Milling;Animal feeds;Dairy products;Poultry and fish;Meat;Bakery products,(+353) 6317074335,2021-12-23,438376
martin_gardner494261239@cispeto.com,Ireland,Cork,;Fruit and vegetables;Milling;Animal feeds;Dairy products;Poultry and fish;Meat;Bakery products,(+353) 4860723171,2021-12-20,414043
marvin_mcleod562961164@ubusive.com,Ireland,Ireland,;Fruit and vegetables;Milling;Animal feeds;Dairy products;Poultry and fish;Meat;Bakery products,(+353) 3311312867,2021-12-31,419723
mary_bryant567571409@brety.org,Ireland,Cork,;Fruit and vegetables;Animal feeds;Bakery products;Milling,(+353) 6080205881,2021-11-18,438357
matt_partridge1547314597@nimogy.biz,Ireland,Limerick,;Fruit and vegetables;Milling;Animal feeds;Dairy products;Poultry and fish;Meat;Bakery products,(+353) 5258061622,2021-12-31,443962
matthew_hunter47796968@gmail.com,Ireland,Cork,;Fruit and vegetables;Milling;Animal feeds;Dairy products;Poultry and fish;Meat;Bakery products,(+353) 125562532,2021-12-12,442813
maxwell_leslie578152891@qater.org,Ireland,Dublin,;Fruit and vegetables;Milling;Animal feeds;Dairy products;Poultry and fish;Meat;Bakery products,(+353) 8551584588,2021-12-18,460392
meredith_wooldridge372599852@typill.biz,Ireland,Dublin,;Poultry and fish;Fruit and vegetables;Bakery products,(+353) 7066756630,2021-11-29,435509
michaela_oswald515959820@supunk.biz,Ireland,Waterford,;Fruit and vegetables;Dairy products;Poultry and fish;Meat;Bakery products,(+353) 1601800730,2021-12-12,416024
michelle_gray941274771@joiniaa.com,Ireland,Waterford,;Poultry and fish;Fruit and vegetables;Dairy products,(+353) 8002332580,2021-12-22,423968
mike_lowe1724303347@yahoo.com,Ireland,Ireland,;Fruit and vegetables;Milling;Animal feeds;Dairy products;Poultry and fish;Meat;Bakery products,(+353) 1001830420,2021-12-24,435519
miley_poole568403737@womeona.net,Ireland,Waterford,;Poultry and fish;Animal feeds,(+353) 3457577022,2021-12-15,438609
moira_welsch1760076468@iatim.tech,Ireland,Cork,;Animal feeds;Milling,(+353) 4047413740,2021-12-21,419721
mya_king814253003@muall.tech,Ireland,Cork,;Fruit and vegetables;Milling;Animal feeds;Poultry and fish;Bakery products,(+353) 2063701703,2021-08-24,440126
naomi_holmes349471400@brety.org,Ireland,Ireland,;Fruit and vegetables;Milling;Animal feeds;Poultry and fish;Meat;Bakery products,(+353) 1856116461,2021-10-07,463755
nate_rosenbloom750372062@supunk.biz,Ireland,Cork,;Fruit and vegetables;Milling;Animal feeds;Dairy products;Poultry and fish;Meat;Bakery products,(+353) 187685030,2021-12-31,416025
nick_spencer1695496989@twipet.com,Ireland,Limerick,;Fruit and vegetables;Milling;Animal feeds;Dairy products;Poultry and fish;Meat;Bakery products,(+353) 3381654774,2021-12-19,423964
nicole_dale1734373618@ovock.tech,Ireland,Dublin,;Dairy products;Milling,(+353) 3281280220,2021-12-12,460551
noah_osman681731303@gompie.com,Ireland,Ireland,;Fruit and vegetables;Milling;Animal feeds;Dairy products;Poultry and fish;Meat;Bakery products,(+353) 7063524015,2021-12-27,419730
noemi_warner325353739@bauros.biz,Ireland,Cork,;Meat;Fruit and vegetables;Dairy products,(+353) 7457702347,2021-11-08,425807
owen_clifford366294900@twipet.com,Ireland,Limerick,;Fruit and vegetables;Milling;Animal feeds;Dairy products;Poultry and fish;Meat;Bakery products,(+353) 1462528117,2021-12-30,414015
paige_johnson1928572357@hourpy.biz,Ireland,Limerick,;Animal feeds;Dairy products,(+353) 6242638248,2021-11-28,420744
parker_yoman1568435462@nanoff.biz,Ireland,Cork,;Fruit and vegetables;Milling;Animal feeds;Dairy products;Poultry and fish;Meat,(+353) 3260723561,2021-11-11,415701
paula_simpson1938269067@twace.org,Ireland,Waterford,;Poultry and fish;Animal feeds,(+353) 4651723456,2021-05-20,414025
payton_warner1668446349@jiman.org,Ireland,Cork,;Fruit and vegetables;Meat,(+353) 4083147641,2021-09-28,460216
penelope_evans76224063@extex.org,Ireland,Waterford,;Animal feeds;Fruit and vegetables;Poultry and fish,(+353) 20111430,2021-10-21,457531
penny_gosling987063679@zorer.org,Ireland,Dublin,;Milling;Animal feeds;Dairy products;Poultry and fish;Meat,(+353) 8640712345,2021-12-11,438551
percy_garcia176882710@deons.tech,Ireland,Waterford,;Fruit and vegetables;Milling;Animal feeds;Dairy products;Poultry and fish;Meat;Bakery products,(+353) 5532628386,2021-12-31,433251
phillip_baxter1658767405@hourpy.biz,Ireland,Limerick,;Fruit and vegetables;Milling;Animal feeds;Dairy products;Poultry and fish;Meat;Bakery products,(+353) 6131084755,2021-12-20,419953
phoebe_drake25161399@mafthy.com,Ireland,Waterford,;Animal feeds;Milling,(+353) 8138538511,2021-05-25,416401
piper_rowe1513202848@bauros.biz,Ireland,Ireland,Poultry and fish,(+353) 1626886562,2021-10-13,423970
quinn_hill1820802012@naiker.biz,Ireland,Limerick,;Meat;Animal feeds;Fruit and vegetables;Milling,(+353) 4285278640,2021-06-30,438644
rachael_allen1098507985@joiniaa.com,Ireland,Dublin,;Poultry and fish;Fruit and vegetables,(+353) 5250878718,2021-04-15,429453
ramon_yang2044670882@nimogy.biz,Ireland,Dublin,;Fruit and vegetables;Milling;Animal feeds;Dairy products;Poultry and fish;Meat;Bakery products,(+353) 1342724542,2021-12-23,415401
regina_blackwall1287455669@vetan.org,Ireland,Ireland,;Fruit and vegetables;Bakery products;Dairy products,(+353) 624516431,2021-11-25,427151
rhea_jackson688546664@nimogy.biz,Ireland,Ireland,;Poultry and fish;Fruit and vegetables;Bakery products,(+353) 6105426143,2021-11-05,456921
robyn_murray1644255220@cispeto.com,Ireland,Limerick,Bakery products,(+353) 3385317424,2021-11-24,440951
roger_simpson754959260@nimogy.biz,Ireland,Limerick,;Fruit and vegetables;Milling;Animal feeds;Dairy products;Poultry and fish;Meat;Bakery products,(+353) 6021682267,2021-12-23,423002
rosalee_farrell1226869691@bungar.biz,Ireland,Ireland,;Animal feeds;Meat;Dairy products,(+353) 1208173181,2021-09-08,413252
rosie_umney1285416138@twace.org,Ireland,Waterford,;Meat;Poultry and fish;Fruit and vegetables;Milling,(+353) 6561841048,2021-12-12,433002
ruby_donnelly1666746478@gmail.com,Ireland,Waterford,;Fruit and vegetables;Milling;Animal feeds;Dairy products;Bakery products,(+353) 5471416205,2021-11-28,413063
rufus_reynolds1191352636@gompie.com,Ireland,Cork,;Fruit and vegetables;Milling;Animal feeds;Dairy products;Poultry and fish;Meat;Bakery products,(+353) 2006144153,2021-12-14,437401
russel_dann1871987943@deavo.com,Ireland,Cork,;Fruit and vegetables;Milling;Animal feeds;Dairy products;Poultry and fish;Meat;Bakery products,(+353) 8436556715,2021-12-28,431006
rylee_ryan1374474690@cispeto.com,Ireland,Limerick,;Animal feeds;Dairy products;Poultry and fish;Meat;Bakery products,(+353) 8416083711,2021-12-14,439451
sabrina_simmons567482183@atink.com,Ireland,Waterford,;Poultry and fish;Animal feeds;Fruit and vegetables;Milling,(+353) 6002344718,2021-12-13,418303
sage_dixon780499422@naiker.biz,Ireland,Ireland,;Poultry and fish;Bakery products;Dairy products;Milling,(+353) 1045785020,2021-11-10,414951
sarah_baldwin1096943412@gmail.com,Ireland,Limerick,;Animal feeds;Dairy products;Milling,(+353) 5807671714,2021-11-15,461384
savannah_evans302676974@sveldo.biz,Ireland,Waterford,;Poultry and fish;Animal feeds;Fruit and vegetables;Milling,(+353) 6076081875,2021-11-10,412908
scarlett_attwood205305585@nimogy.biz,Ireland,Dublin,;Fruit and vegetables;Dairy products;Poultry and fish;Meat;Bakery products,(+353) 1251568751,2021-07-21,460617
sebastian_parker2066395860@brety.org,Ireland,Dublin,;Fruit and vegetables;Milling;Animal feeds;Dairy products;Poultry and fish;Meat;Bakery products,(+353) 2513503426,2021-12-27,413071
shelby_taylor121448598@nanoff.biz,Ireland,Cork,;Fruit and vegetables;Milling;Animal feeds;Dairy products;Bakery products,(+353) 4256177583,2021-12-17,430502
sienna_stevenson926768735@sveldo.biz,Ireland,Ireland,;Meat;Animal feeds;Fruit and vegetables;Milling,(+353) 3460170301,2021-07-28,441202
skylar_bentley534573051@gompie.com,Ireland,Limerick,;Fruit and vegetables;Milling;Animal feeds;Dairy products;Meat,(+353) 8763505223,2021-12-23,434501
sloane_uddin1256833120@liret.org,Ireland,Waterford,;Fruit and vegetables;Milling;Animal feeds;Meat;Bakery products,(+353) 1375178284,2021-12-02,420351
sofia_harrington863662521@atink.com,Ireland,Cork,;Fruit and vegetables;Milling;Animal feeds;Dairy products;Meat,(+353) 1662462810,2021-08-17,431601
sofie_spencer677484052@bungar.biz,Ireland,Limerick,;Poultry and fish;Meat,(+353) 610505301,2021-11-12,427851
stacy_antcliff1606128290@joiniaa.com,Ireland,Limerick,;Milling;Animal feeds;Dairy products;Meat;Bakery products,(+353) 1210761557,2022-01-01,417851
tania_cattell421630039@deavo.com,Ireland,Ireland,;Meat;Animal feeds;Bakery products;Dairy products,(+353) 6132775783,2021-09-01,417101
taylor_knight942278773@tonsy.org,Ireland,Ireland,;Bakery products;Dairy products;Milling,(+353) 2308664484,2021-12-01,460476
teagan_hardwick106942017@corti.com,Ireland,Waterford,Animal feeds,(+353) 880434566,2021-11-27,462216
tiffany_shields2079993620@famism.biz,Ireland,Dublin,;Poultry and fish;Fruit and vegetables;Bakery products,(+353) 7245650053,2021-06-26,436001
tony_gilbert1898883328@brety.org,Ireland,Limerick,;Fruit and vegetables;Milling;Animal feeds;Dairy products;Poultry and fish;Meat;Bakery products,(+353) 5531523156,2021-12-28,436102
trisha_bailey607582012@acrit.org,Ireland,Cork,;Poultry and fish;Meat;Fruit and vegetables;Milling,(+353) 8786881253,2021-12-13,460822
tyson_raven1490972250@nimogy.biz,Ireland,Cork,;Fruit and vegetables;Milling;Animal feeds;Dairy products;Poultry and fish;Meat;Bakery products,(+353) 567778553,2021-12-31,424151
valentina_bishop1978817194@cispeto.com,Ireland,Limerick,;Fruit and vegetables;Bakery products;Dairy products,(+353) 4736858026,2021-11-18,431551
vanessa_holmes1582819753@jiman.org,Ireland,Ireland,;Fruit and vegetables;Milling;Animal feeds;Dairy products;Meat;Bakery products,(+353) 2215672175,2021-12-30,416201
victoria_rivers1145685893@eirey.tech,Ireland,Cork,Meat,(+353) 5813024187,2021-09-30,461731
wendy_allen503906911@muall.tech,Ireland,Limerick,;Meat;Dairy products,(+353) 221734523,2021-08-31,435254
william_lee1995525048@hourpy.biz,Ireland,Waterford,;Fruit and vegetables;Milling;Animal feeds;Dairy products;Poultry and fish;Meat;Bakery products,(+353) 3270404334,2021-12-31,429352
winnie_walter1068546463@naiker.biz,Ireland,Ireland,;Fruit and vegetables;Animal feeds;Dairy products;Poultry and fish;Bakery products,(+353) 2567604285,2021-10-10,437452
zoe_owen1652446013@bungar.biz,Ireland,Dublin,;Poultry and fish;Meat;Bakery products;Milling,(+353) 5645416200,2021-11-02,425352
